{"sum_ABC": [33.4, 33.6, 33.4, 33.4, 33.6, 33.4, 33.6, 33.6, 33.4, 33.4, 33.4, 34.4, 33.6, 33.4, 34.4, 33.4, 34.1, 33.4, 34.4, 33.4, 33.6, 34.1, 33.4, 33.4, 33.4, 36.0, 33.6, 33.9, 33.4, 33.4, 34.2, 33.4, 33.4, 34.1, 33.4, 34.4, 33.4, 33.4, 33.9, 33.4, 33.4, 34.4, 33.4, 33.6, 33.6, 33.4, 33.4, 34.1, 33.4, 34.2, 33.4, 34.2, 33.4, 33.6, 33.6, 35.0, 33.6, 34.1, 33.4, 34.4, 34.1, 33.4, 34.1, 34.1, 33.4, 35.199999999999996, 33.4, 34.1, 33.4, 33.4, 33.4, 33.4, 33.4, 33.4, 33.4, 33.4, 33.4, 33.4, 33.6, 33.6, 34.6, 33.4, 35.199999999999996, 34.2, 34.4, 34.4, 36.0, 33.4, 33.4, 33.6, 33.6, 33.4, 33.6, 33.4, 33.4, 33.4, 33.4, 33.4, 35.5, 34.1], "sum_ACS": [33.4, 35.7, 37.0, 34.7, 35.5, 35.800000000000004, 35.7, 38.1, 34.7, 39.2, 40.1, 33.9, 41.300000000000004, 35.2, 37.800000000000004, 35.7, 33.9, 35.7, 33.6, 33.4, 33.4, 37.599999999999994, 37.199999999999996, 34.7, 36.5, 35.2, 33.4, 35.7, 33.6, 34.4, 36.900000000000006, 34.7, 35.7, 35.7, 33.4, 33.6, 37.3, 36.2, 34.4, 35.7, 34.7, 34.7, 35.7, 33.4, 35.7, 40.0, 38.1, 37.2, 37.0, 33.6, 37.00000000000001, 37.199999999999996, 36.5, 33.6, 39.6, 34.6, 37.8, 35.7, 35.7, 35.800000000000004, 37.300000000000004, 35.0, 37.599999999999994, 33.4, 36.7, 33.6, 35.7, 38.400000000000006, 33.4, 33.6, 38.6, 34.4, 34.7, 35.7, 33.6, 35.7, 35.5, 35.7, 35.7, 34.7, 35.7, 35.7, 33.4, 37.4, 33.4, 43.300000000000004, 37.3, 42.900000000000006, 41.7, 33.6, 34.4, 42.60000000000001, 35.5, 35.7, 35.7, 33.6, 35.7, 34.8, 35.2, 34.4], "sum_AS": [33.4, 35.0, 34.9, 37.2, 34.6, 35.5, 38.00000000000001, 33.9, 37.50000000000001, 34.4, 34.6, 36.5, 33.4, 34.7, 34.7, 34.1, 35.5, 35.0, 37.50000000000001, 34.1, 35.7, 33.4, 33.4, 33.9, 34.7, 35.5, 34.7, 35.2, 35.0, 34.7, 34.1, 34.7, 36.8, 33.6, 33.4, 33.4, 33.6, 33.4, 33.9, 36.2, 35.5, 35.0, 33.6, 35.0, 34.5, 36.5, 34.4, 35.5, 34.5, 37.1, 34.4, 37.1, 35.5, 34.7, 33.4, 42.50000000000001, 34.7, 35.7, 36.400000000000006, 36.5, 36.400000000000006, 34.7, 35.0, 37.599999999999994, 35.6, 33.4, 34.7, 36.2, 42.2, 34.7, 41.8, 39.8, 33.4, 34.7, 35.800000000000004, 35.900000000000006, 35.0, 36.400000000000006, 37.2, 33.6, 38.800000000000004, 34.4, 34.7, 35.2, 33.4, 34.4, 35.7, 33.4, 38.7, 37.4, 36.5, 34.7, 33.4, 33.4, 34.7, 34.7, 36.300000000000004, 34.7, 35.2, 35.2], "sum_BFA": [34.6, 35.8, 36.699999999999996, 33.4, 36.0, 35.1, 35.1, 37.199999999999996, 33.6, 33.4, 33.4, 35.199999999999996, 34.7, 35.1, 35.1, 35.9, 36.6, 35.1, 33.6, 36.6, 33.6, 38.0, 33.4, 35.1, 33.4, 34.6, 33.6, 35.5, 36.199999999999996, 34.2, 35.1, 36.6, 33.6, 35.9, 33.6, 33.6, 36.1, 33.6, 33.6, 34.4, 36.6, 33.6, 35.1, 35.1, 33.6, 33.6, 35.9, 37.900000000000006, 36.0, 35.1, 35.1, 33.6, 34.1, 35.9, 33.9, 35.9, 35.1, 35.5, 35.1, 33.4, 35.9, 34.6, 35.9, 35.1, 35.9, 35.1, 33.6, 34.1, 33.6, 35.1, 36.199999999999996, 35.1, 35.1, 36.199999999999996, 35.199999999999996, 33.4, 35.7, 33.6, 33.4, 35.9, 34.4, 34.1, 35.1, 34.4, 36.0, 33.4, 33.4, 35.4, 36.199999999999996, 34.6, 34.6, 35.2, 33.6, 35.1, 35.1, 36.8, 36.6, 34.1, 35.1, 35.9], "sum_FA": [33.4, 33.4, 33.4, 33.4, 33.4, 33.4, 33.4, 33.4, 33.4, 33.4, 33.4, 33.4, 33.4, 33.4, 33.4, 33.4, 33.4, 33.4, 33.4, 33.4, 33.4, 33.4, 33.4, 33.4, 33.4, 33.4, 33.4, 33.4, 33.4, 33.4, 33.4, 33.4, 33.4, 33.4, 33.4, 33.4, 33.4, 33.4, 33.4, 33.4, 33.4, 33.4, 33.4, 33.4, 33.4, 33.4, 33.4, 33.4, 33.4, 33.4, 33.4, 33.4, 33.4, 33.4, 33.4, 33.4, 33.4, 33.4, 33.4, 33.4, 33.4, 33.4, 33.4, 33.4, 33.4, 33.4, 33.4, 33.4, 33.4, 33.4, 33.4, 33.4, 33.4, 33.4, 33.4, 33.4, 33.4, 33.4, 33.4, 33.4, 33.4, 33.4, 33.4, 33.4, 33.4, 33.4, 33.4, 33.4, 33.4, 33.4, 33.4, 33.4, 33.4, 33.4, 33.4, 33.4, 33.4, 33.4, 33.4, 33.4], "sum_GA": [35.7, 36.6, 39.60000000000001, 40.400000000000006, 34.5, 37.3, 34.2, 34.5, 34.5, 36.6, 36.6, 37.1, 38.0, 39.60000000000001, 40.400000000000006, 35.0, 36.6, 36.6, 35.1, 35.1, 34.5, 40.400000000000006, 40.400000000000006, 37.3, 34.5, 37.3, 33.4, 37.3, 39.0, 36.6, 37.3, 38.8, 39.60000000000001, 37.2, 40.400000000000006, 40.400000000000006, 34.5, 34.5, 34.1, 38.8, 35.1, 37.3, 35.1, 37.3, 36.6, 35.1, 34.5, 40.400000000000006, 40.400000000000006, 37.2, 39.60000000000001, 37.3, 40.400000000000006, 36.6, 40.400000000000006, 40.400000000000006, 35.7, 40.400000000000006, 36.6, 36.6, 35.1, 40.400000000000006, 35.0, 40.400000000000006, 35.1, 39.60000000000001, 37.3, 35.1, 35.8, 34.5, 38.0, 40.400000000000006, 38.2, 36.3, 34.5, 37.3, 36.6, 39.60000000000001, 40.400000000000006, 37.3, 40.400000000000006, 34.5, 38.8, 40.400000000000006, 36.6, 35.1, 39.0, 36.6, 40.400000000000006, 35.0, 36.6, 37.2, 39.60000000000001, 37.3, 36.6, 36.6, 35.0, 34.5, 40.400000000000006, 40.400000000000006], "time_ABC": [1.653226375579834, 1.7089893817901611, 1.7602603435516357, 2.2345056533813477, 2.1002683639526367, 1.6638991832733154, 1.6687910556793213, 1.6239535808563232, 1.5524241924285889, 1.6171481609344482, 1.8815028667449951, 2.546964168548584, 1.756556510925293, 1.769350290298462, 1.6356315612792969, 1.5079352855682373, 1.6907894611358643, 1.862891674041748, 2.5825157165527344, 1.8383228778839111, 1.6231904029846191, 1.7304463386535645, 1.5854175090789795, 1.7207276821136475, 1.9631707668304443, 2.4053151607513428, 1.591050624847412, 1.6285779476165771, 1.6615264415740967, 1.7188031673431396, 1.6244261264801025, 1.9192259311676025, 2.4804422855377197, 1.539137840270996, 1.6450300216674805, 1.7219934463500977, 1.674861192703247, 1.5785043239593506, 1.7500619888305664, 2.6330437660217285, 1.6689519882202148, 1.689903736114502, 1.6578669548034668, 1.6079304218292236, 1.7363078594207764, 1.6961486339569092, 2.513495683670044, 1.6931288242340088, 1.6369893550872803, 1.7310359477996826, 1.7074000835418701, 1.6274993419647217, 1.6979482173919678, 2.6097359657287598, 1.9455134868621826, 1.7027966976165771, 1.6118886470794678, 1.8313367366790771, 1.6495447158813477, 1.6214406490325928, 2.5243542194366455, 1.9048454761505127, 1.6430814266204834, 1.7174453735351562, 1.6622965335845947, 1.7615890502929688, 1.7062320709228516, 2.4568886756896973, 1.961345911026001, 1.7884469032287598, 1.690699577331543, 1.5591323375701904, 1.6802833080291748, 1.669637680053711, 2.446477174758911, 1.9379136562347412, 1.6563119888305664, 1.771892786026001, 1.6479310989379883, 1.6689047813415527, 1.5656490325927734, 2.1728899478912354, 2.2651214599609375, 1.6896560192108154, 1.6177773475646973, 1.8119988441467285, 1.6600589752197266, 1.7162706851959229, 2.2792582511901855, 2.0754754543304443, 1.5990445613861084, 1.6392507553100586, 1.5650393962860107, 1.595825433731079, 1.7836575508117676, 2.069587469100952, 2.3583781719207764, 1.5839102268218994, 1.7456645965576172, 1.6739625930786133],