{
    "loss": [
        0.18051360547542572,
        0.09304521232843399,
        0.06918016076087952,
        0.05564574897289276,
        0.04730260372161865,
        0.041127074509859085,
        0.03675541654229164,
        0.03335438668727875,
        0.030206836760044098,
        0.028268298134207726,
        0.02614603005349636,
        0.024587541818618774,
        0.023119211196899414,
        0.021838607266545296,
        0.02075664885342121,
        0.019893765449523926,
        0.01889474131166935,
        0.018384549766778946,
        0.017459072172641754,
        0.016998670995235443,
        0.016312353312969208,
        0.015823280438780785,
        0.01529212761670351,
        0.015116920694708824,
        0.014526134356856346,
        0.01414194144308567,
        0.014053421095013618,
        0.013669706881046295,
        0.013292365707457066,
        0.012859472073614597,
        0.012512455694377422,
        0.01243067067116499,
        0.012196327559649944,
        0.011893308721482754,
        0.011556027457118034,
        0.011398362927138805,
        0.011167104355990887,
        0.011174309998750687,
        0.011061531491577625,
        0.010981294326484203,
        0.010485202074050903,
        0.010939515195786953
    ],
    "val_loss": [
        0.09300623834133148,
        0.061102494597435,
        0.048170316964387894,
        0.038628339767456055,
        0.03697626292705536,
        0.036565836519002914,
        0.03257055580615997,
        0.023332351818680763,
        0.025104794651269913,
        0.02795141190290451,
        0.021666167303919792,
        0.02063300460577011,
        0.027467742562294006,
        0.018154460936784744,
        0.020297471433877945,
        0.015511672012507915,
        0.017729666084051132,
        0.02244851551949978,
        0.015537199564278126,
        0.016971947625279427,
        0.01639498583972454,
        0.014168082736432552,
        0.014060926623642445,
        0.016618013381958008,
        0.01557162031531334,
        0.016545210033655167,
        0.0157772284001112,
        0.012739659287035465,
        0.013582844287157059,
        0.017801793292164803,
        0.016645584255456924,
        0.013312689028680325,
        0.012540828436613083,
        0.012437323108315468,
        0.013138552196323872,
        0.01392402220517397,
        0.009553740732371807,
        0.012202420271933079,
        0.018189169466495514,
        0.011288841255009174,
        0.010833053849637508,
        0.013479713350534439
    ],
    "custom_accuracy": [
        0.4273766577243805,
        0.6700016856193542,
        0.7598999738693237,
        0.8077633380889893,
        0.8382566571235657,
        0.859279990196228,
        0.8755450248718262,
        0.8882150053977966,
        0.8979583382606506,
        0.9057533144950867,
        0.9128983616828918,
        0.9179700016975403,
        0.9238499999046326,
        0.9282249808311462,
        0.9316083192825317,
        0.934856653213501,
        0.9377783536911011,
        0.9402700066566467,
        0.9433649778366089,
        0.9450799822807312,
        0.9470966458320618,
        0.9487966895103455,
        0.9511116743087769,
        0.9521766901016235,
        0.9537633061408997,
        0.9549633264541626,
        0.9555566906929016,
        0.956683337688446,
        0.9583666920661926,
        0.9594183564186096,
        0.9609450101852417,
        0.9610066413879395,
        0.9617566466331482,
        0.9620616436004639,
        0.9634416699409485,
        0.9640183448791504,
        0.9649516940116882,
        0.9647783041000366,
        0.9658066630363464,
        0.9658466577529907,
        0.9675216674804688,
        0.9665316939353943
    ],
    "val_custom_accuracy": [
        0.6705049872398376,
        0.8070350289344788,
        0.8513649702072144,
        0.8801299929618835,
        0.8898299932479858,
        0.8986200094223022,
        0.9120000004768372,
        0.9322199821472168,
        0.928945004940033,
        0.9261999726295471,
        0.9410549998283386,
        0.9441249966621399,
        0.9358350038528442,
        0.9507750272750854,
        0.9476550221443176,
        0.9584800004959106,
        0.9537950158119202,
        0.9506949782371521,
        0.9585099816322327,
        0.9577149748802185,
        0.9596700072288513,
        0.9628599882125854,
        0.963919997215271,
        0.9628450274467468,
        0.9605649709701538,
        0.9605550169944763,
        0.9614250063896179,
        0.9663599729537964,
        0.964959979057312,
        0.9633550047874451,
        0.9664400219917297,
        0.9655600190162659,
        0.968654990196228,
        0.9689450263977051,
        0.9668099880218506,
        0.9674850106239319,
        0.9745200276374817,
        0.9712449908256531,
        0.9611150026321411,
        0.9712949991226196,
        0.9734500050544739,
        0.9693549871444702
    ],
    "actual_loss": [
        0.09129949659109116,
        0.05897196754813194,
        0.04549084231257439,
        0.03554820641875267,
        0.03352848067879677,
        0.03314065933227539,
        0.02850376069545746,
        0.01945900358259678,
        0.021090755239129066,
        0.02411888912320137,
        0.017499303445219994,
        0.01624990999698639,
        0.022701691836118698,
        0.013409118168056011,
        0.015315881930291653,
        0.010964890010654926,
        0.012914932332932949,
        0.01836419105529785,
        0.011170686222612858,
        0.0115221431478858,
        0.011286895722150803,
        0.009079443290829659,
        0.008869067765772343,
        0.011696813628077507,
        0.010354259051382542,
        0.011236153542995453,
        0.010447659529745579,
        0.007913071662187576,
        0.008070098236203194,
        0.012851935811340809,
        0.011518822982907295,
        0.00824322272092104,
        0.007330280728638172,
        0.007376316003501415,
        0.0073456657119095325,
        0.008731587789952755,
        0.004849044606089592,
        0.006636775564402342,
        0.011785735376179218,
        0.005614261608570814,
        0.005099908448755741,
        0.007625249680131674
    ],
    "actual_accuracy": [
        0.6744633316993713,
        0.8123716711997986,
        0.8584949970245361,
        0.8873149752616882,
        0.8982833623886108,
        0.9058250188827515,
        0.9214633107185364,
        0.9413400292396545,
        0.9388683438301086,
        0.9352049827575684,
        0.9502500295639038,
        0.9534400105476379,
        0.9456449747085571,
        0.9614750146865845,
        0.9583433270454407,
        0.9688783288002014,
        0.9642199873924255,
        0.9607733488082886,
        0.9683949947357178,
        0.9689066410064697,
        0.9709166884422302,
        0.9741583466529846,
        0.9749716520309448,
        0.9740049839019775,
        0.9714966416358948,
        0.9722949862480164,
        0.9731150269508362,
        0.9779933094978333,
        0.9769700169563293,
        0.9733999967575073,
        0.9778299927711487,
        0.9771749973297119,
        0.9803749918937683,
        0.980733335018158,
        0.9793166518211365,
        0.9790416955947876,
        0.9853633046150208,
        0.9829233288764954,
        0.9725433588027954,
        0.9837983250617981,
        0.9855733513832092,
        0.9815383553504944
    ],